TIME,LS-704,LS-705,LS-706,LS-707,LS-708,LS-709,LS-710,LS-711,LS-712,LS-713,LS-714,LS-715,LS-716,LS-717,LS-718,LS-719,LS-720,LS-721
0.0,0.042846367883,0.0732498058527,0.00958292417203,0.0375515648821,0.0340447225119,0.0288253390992,0.0859469087129,0.0323103543743,0.0511191755463,0.0361296899712,0.037409304772,0.0466211662552,-0.00212616177856,0.0439812373987,0.00679867636389,-0.00678079469557,-0.0402834695937,-0.0570000939232
4.44812188927695,0.0207162347379,0.0726144477205,-0.011507036306,0.036208004958,0.0107040064342,0.0105221477904,0.0470667483942,0.0413386909575,0.0466383544822,0.038524746982,0.0557367373089,0.0589271916904,0.00305837948562,0.0465186345211,0.00363716915338,0.00901629030229,-0.038352746291,-0.0405482048641
8.8962437785539,-0.0479049480725,0.0481457257602,0.000966275753083,0.0173225973336,0.000719904480966,0.0141818696309,-0.0155813419411,0.0308986773093,0.0539300860778,0.043576880841,0.0569585453306,0.0583658194901,0.00220682160493,0.0509968749796,0.00331318463023,0.00476350057449,0.00379716451145,-0.00969760699863
13.34436566783085,-0.0980505528549,0.0134525519159,0.0281700735737,-0.00212129874461,0.0164075540291,0.0431208447186,-0.0395862690584,0.0321598658588,0.0626632529774,0.0493092358301,0.045139499014,0.0247080710921,-0.00188007885753,0.046685953895,0.0097186683032,0.0129969129373,0.022689449932,0.0134611649628
17.7924875571078,-0.0464328079986,-0.00672133276026,0.035287313892,0.0070733958485,0.0360049692517,0.0467637060591,-0.00711129347895,0.0421011958242,0.0548990429505,0.0418489568142,0.0516379153947,-0.00284934633825,-0.000265695348882,0.02944510907,0.0265059571557,0.027712543323,0.0102504982045,0.0195321262065
22.240609446384752,0.0328942505285,0.00667421073086,0.0182767689923,0.0263270649282,0.0351721418714,0.0360403501304,0.0400231269138,0.0306613123069,0.0395137415651,0.0292805019571,0.064801842279,0.00499225478157,0.00801244765007,0.0325031273746,0.0333390225863,0.0209083903285,0.0177723856019,0.0249277692464
26.6887313356617,0.0381229532708,0.0358183710643,0.0061891926582,0.0361640369864,0.0162025223336,0.0384914183974,0.0817921979171,0.016733315486,0.0419995151221,0.0221122565591,0.0673735311242,0.0150580006014,-0.00343505823382,0.0505910755911,0.02115408015,0.0185409715217,0.0398411598793,0.0375916409729
31.13685322493865,0.00989115442065,0.0452021007267,0.0126786999897,0.0421756602997,0.00675460940428,0.0414625809987,0.0954345127683,0.00891492247394,0.0458279071435,0.0164654480642,0.0776566201095,0.0194203001105,-0.01483202643,0.0672848928663,0.0195673319276,0.0208642757812,0.0419567191283,0.0516433839774
35.5849751142156,0.00460029203703,0.0269912806119,0.029610508892,0.0345986423018,0.00856402340801,0.0415568804963,0.056351843836,-0.0106092394825,0.0356815312418,0.00808842721741,0.0876819745358,0.0271706583858,-0.0101462175461,0.0680534972466,0.0255598321126,0.0159932034688,0.0272835382825,0.0549596672976
40.03309700349255,-0.00211322909974,-0.00824056895485,0.0276095721738,0.0138717130541,0.011343518769,0.026261820827,0.00203505245126,-0.0114496131945,0.0414031000266,-0.0033607615164,0.076197835535,0.0139476741148,0.00430019916712,0.0585035449587,0.027547562087,0.0223488454574,0.0116774271771,0.0289405149963
44.481218892769505,0.0151531403972,-0.0343681003481,0.00496102920004,0.00256661120013,0.0202392774389,0.00137040382179,0.00320612084014,-0.00148300151356,0.0545235839189,-0.000471785795106,0.059799623021,-0.0111989216158,0.0336083708846,0.0485176810823,0.0216015609784,0.0452621800165,-0.00709718345598,0.0113587357233
48.92934078204645,0.0721321076803,-0.0382123422313,-0.0119428905977,-0.000669442088762,0.0192951283051,0.0189296439296,0.0292602676006,0.00571653046491,0.0485801834723,0.00810482055603,0.0321283675612,-0.0105193296831,0.0659274234512,0.050400662502,-0.00249099491186,0.0514465647048,-0.0171610510233,0.0159599627172
53.3774626713234,0.0743944512584,-0.031391489986,-0.0286772937023,0.00893853169034,0.013421166647,0.0442039412134,0.0354860794158,0.0119186621198,0.0138499344692,0.0137385155169,0.000984067096226,0.0122809614262,0.0603493129023,0.0572531701953,-0.0141092140336,0.0316649593135,-0.00356567344937,0.0173772828634
57.825584560600355,0.00631571392687,-0.010048161569,-0.0285016243905,0.0205839213009,-0.00115903430248,0.0219674089707,0.0466386130038,0.015656352469,-0.0059106252802,0.00717853470167,-0.0182723282092,0.0161245584408,0.0271026973316,0.0547965694296,0.00900960123293,0.00985815672648,0.00495427219565,0.00922827517691
62.2737064498773,-0.0326575847205,0.0115096782745,-0.00474704536891,0.0153233422805,-0.00713535388741,6.40881352541e-05,0.0442263074672,0.0169411000407,0.00349836764783,-0.0100915718648,-0.0180213722948,-0.0118650623995,-0.00852435455483,0.0431532289148,0.0175493700134,0.0033191623677,0.00936387273278,0.0121007213475
66.72182833915426,-0.0225034551125,0.0189690002951,0.014088738414,0.0168533182791,-0.00647473029962,0.00905687585799,0.0159743347411,0.00286292534039,0.0168227552146,-4.92062096143e-05,0.00357930823068,-0.022165219679,-0.0319682889694,0.0343127446334,0.0170900334032,-0.00172253810314,0.00521389814175,0.0235467732066
71.1699502284312,-0.00372529964367,0.0366220590193,0.0153901964162,0.00715837594428,-0.00560861893919,0.0230941965052,-0.00035828790095,-0.0170637371687,0.00128798060453,0.0279505377153,-0.00530770933297,-0.022144901416,-0.0211575385333,0.0330728620376,0.0411046616834,-0.00305229095529,-0.0196316031909,0.0149109065288
75.61807211770815,-0.00657734284495,0.0364108749878,-0.00243436344214,-0.00294739943221,0.00696951541128,0.0348458577625,0.00997395119276,-0.0153721538553,-0.0100033377837,0.0328696074703,-0.0244482355074,-0.030210203424,0.000600374038339,0.0266529458061,0.0479544173728,0.00614921840327,-0.0236193770899,0.0124878702871
80.0661940069851,-0.0129918676859,0.0399653579096,-0.0127932177113,0.00864381560584,0.0250774251211,0.0565726604594,0.0100150126422,-0.0042275044508,-0.00254142830285,0.0309562215423,-0.0120638336942,-0.00499796643144,0.00788107798287,0.0209943450404,0.0225505090192,0.0253248999358,-0.0158685790953,0.0281230944066
84.51431589626206,-0.0346513605442,0.0452512978408,-0.00363205404015,0.0204341591826,0.0290138625846,0.068859584545,-0.0114299917934,-0.0124191843839,0.00176642005535,0.0257266459665,0.0147447144098,0.0482644993078,0.000379740065251,0.0170927096191,0.00390767670535,0.0579750249047,-0.0174759958479,0.0396986520826
88.96243778553901,-0.0837737200143,0.027938073024,-0.00577898369788,0.0282948795957,0.0104084219239,0.0670328481815,-0.0114749176239,-0.042009663847,0.0342028660994,0.0211252109637,0.0129792475903,0.0605593321254,0.000606919961759,0.0243572701995,0.0130568941199,0.068861190258,-0.0218011584458,0.0264083891232
93.41055967481596,-0.115987167009,0.0112758738897,-0.0295848056034,0.03664147817,-0.00355092288333,0.06832915294,-0.00761554621849,-0.0427106275374,0.0624792146116,0.00791413657185,0.00249047036743,0.0376345451928,-0.00149311241692,0.0379819011828,0.0106794941611,0.0511849901251,-0.0121622329284,-0.00190732877713
97.8586815640929,-0.0913648112146,-0.00178288227056,-0.0315255462116,0.0401355367109,-0.0101797108534,0.044686334029,-0.00776513991795,-0.0128225470248,0.055268245856,-0.00719279665577,0.00256954928235,0.0283328713387,0.0049722628365,0.045842481324,0.00995615146559,0.0263060337054,0.00695873889343,-0.00807195151727
102.30680345336985,-0.0204718106716,-0.0156634667594,-0.0235664499502,0.0431179295683,-0.0158125110205,-0.00577387271257,-0.00594134239274,-0.00663779727132,0.0426470188228,-0.00190260261054,-0.00397678944392,0.0237252870368,0.0205261430759,0.0479039902589,0.0323801974218,0.0109529190967,0.0308200203158,-0.00615236030935
106.7549253426468,0.0545190573479,-0.0325565555697,-0.00163266940017,0.03641839784,-0.0221936382882,-0.0369867925846,-0.0160456053587,-0.0192778438809,0.0406197940847,0.0231356061012,0.00556997475896,0.0205768059319,0.00990571209297,0.0343672474214,0.0378451467592,0.0127258960121,0.0449649959416,-0.0164326218518
111.20304723192376,0.0815221433778,0.000387884334206,0.0329875751954,0.0244185980167,-0.045811145443,-0.0313177839992,-0.0163688846473,-0.0297989347956,0.046658099453,0.0396821597272,0.0410076630936,0.0196618681092,-0.0107886331094,-0.00972078183966,0.0212720623557,0.0225774722155,0.0478433354011,-0.0101142304532
115.65116912120071,0.0555756670739,0.0562104936102,0.0655731670716,-0.000390439033453,-0.0378771932665,-0.0234390898453,0.0121534595146,-0.0242955313144,0.0354060113501,0.034647630251,0.057853304443,0.0161986529813,-0.011653424565,-0.0419022202858,0.00605639552227,0.0216747018523,0.0373841354278,0.00467009332957
120.09929101047766,0.0475020091602,0.0645664433821,0.0746107166063,-0.0302680194537,0.00240510849245,0.00321666601453,0.0355999684642,-0.00194480489691,-0.00584154144798,0.0341273727904,0.0131644825385,0.00151573744405,0.00513465071975,-0.0404974326294,-0.000771908698639,0.00348221888812,0.0319600694795,0.0151659934269
124.5474128997546,0.0493728380694,0.0121568778781,0.0468260897973,-0.0242765846816,0.0333711178983,0.0322675642949,0.0271688853348,0.0276482290246,-0.0247928186819,0.0327027226003,-0.0386020401557,-0.0102843564938,0.0189196284992,-0.02566547959,-0.0014863042224,-0.00691260672005,0.0426299684738,0.0278330748729
128.99553478903155,0.0339841269841,-0.0450759544382,0.00680399723671,0.00577140157789,0.02318652148,0.0468689711146,0.019151641239,0.0387555407148,-0.0203871587796,0.0275913981433,-0.0293885166497,-0.00467429093383,0.0286852373726,-0.0349694955897,0.00196013377722,-0.0127666335243,0.0191199017096,0.0304461883492
133.4436566783085,0.0165065862759,-0.0404846585937,-0.0156485469842,0.0187537390296,0.00548956535822,0.0543787473543,0.0203289741617,0.0166207775401,-0.032543817763,0.0243438936615,-0.00978023708302,-0.000858926062337,0.0327596054568,-0.0676579081566,0.0145945488012,-0.0138768827101,-0.0204835442232,0.0204843588567
137.89177856758545,0.0097417163366,-0.0188561842394,-0.0049052574449,0.00598741287713,0.00613493473174,0.068653931738,0.038654363419,0.0126180672468,-0.0458102711413,0.0254418524903,-0.00955457402158,-0.00306730128072,0.0259260082954,-0.0875853764233,0.0139411536973,-0.0093799197603,-0.0443616054727,0.0169477194105
142.3399004568624,0.00588726548094,0.0035872012595,0.0261711140839,-0.0273362474336,-0.0179364144008,0.0543632083495,0.054483414227,0.0292782577023,-0.0484005391929,0.0159012922712,-0.0208200269676,-0.00262325472568,0.0137020566982,-0.0953809181035,0.00464723758056,-0.0105510025792,-0.0409945026428,0.0274090623677
146.78802234613937,0.00101264995794,0.033338827394,0.0263363200764,-0.0395757367895,-0.0325188263949,0.0237977535647,0.0544930225054,0.0277546964693,-0.0369828869048,0.00147201592156,-0.0235637363338,0.0091931588282,0.0102112362552,-0.069432996963,0.0239318330072,-0.025443580014,-0.00727313798212,0.026513793041
151.2361442354163,0.0157335480611,0.0398297962966,0.00311561956154,-0.00434647108303,-0.0233547480888,-0.00748522936941,0.0419102913642,0.0183242171523,-0.0363220622897,0.0196227670226,-0.00100754519137,0.00884779799185,0.0298125290972,-0.0194521773895,0.039902008231,-0.031353100526,0.0153004685917,-0.00333329682406
155.68426612469327,0.038528785829,0.0226472161522,-0.00385573258919,0.0359206652706,-0.0339244456447,-0.0343749159743,0.0206605043973,0.0123069964645,-0.0385901415806,0.0359627246103,0.0288484456017,-0.0266655575274,0.0510771249051,0.0109976971663,0.0200503300234,-0.0311166206377,0.00133582758076,-0.0283694430153
160.1323880139702,0.0166250232475,-0.00215654907711,0.011274679493,0.0299024648374,-0.0364871650604,-0.0352068977339,0.0198945070329,0.0139724487873,-0.0342603231343,0.0146323417457,0.0355076639906,-0.0575482448766,0.0536058685769,0.0206208991997,-0.00713828641381,-0.025573965609,-0.0213820484896,-0.0323027953736
164.58050990324716,-0.00753764753765,-0.00702043816598,0.0461192112376,0.00813427304138,-0.0182445936404,-0.00267783954317,0.00633933857735,0.0110545394628,-0.0246986317022,-0.00567223316075,0.0148318663958,-0.0430627877141,0.0556682249416,0.0258191521123,-0.015820088608,-0.0314490895101,-0.0201605100198,-0.043266070789
169.02863179252412,0.0241027646091,-0.00262160121685,0.0534629586408,0.0182235726832,0.000601491221801,0.0207743007439,-0.0219053942195,-0.0138683481227,-0.00350053628363,0.000149909063428,0.0158578045497,-0.00602681572831,0.0311672544372,0.0220769408279,-0.0179029776553,-0.0367580581262,0.000384487153289,-0.0692406484558
173.47675368180106,0.0410911718251,-0.0199411603722,0.0340947038002,0.0293086856646,0.0311155478496,0.0227851041407,-0.00842068423928,-0.0139608695947,-0.000322536579443,0.022572456783,0.0333985146015,0.017486433354,-0.01322513651,0.00483078000259,-0.0153249623614,-0.0284312421337,0.00625419921055,-0.092423436374
177.92487557107802,0.0114247660561,-0.0205259737757,0.0231633429941,0.00355468274266,0.0482753591483,0.00894265157275,0.0127261200338,0.0203747016543,-0.0120520346693,0.0147286191904,0.0219868732337,0.00435297445264,-0.0277378321817,-0.0195170481986,-0.0167788310203,-0.015818538398,-0.000210588712445,-0.0852325511702
182.37299746035495,-0.0145592887065,0.00870684647186,0.0302552494454,-0.0433327890465,0.0312937984235,0.00192479889613,0.0109808608385,0.0478228306685,0.000751271382339,0.0056407511284,0.00882234179414,-0.0121632430113,-0.00456820807225,-0.029553141905,-0.0145039581874,-0.00458462563227,0.00848860526811,-0.038934327148
186.8211193496319,-0.0109635513632,0.0239467504173,0.0169058127464,-0.0541053268237,-0.00448568123333,0.0120848557764,0.0164614694447,0.0143688620532,0.0101759027198,0.0158691719073,0.00668102416846,-0.00306350023283,0.00936931651511,-0.03221638599,0.00788147519202,-0.00990374129687,0.0176332701222,-0.0115145185501
191.26924123890888,0.0339543806597,0.0254557204988,-0.0017134047198,-0.00967029484617,-0.0301669438798,0.0267583439225,0.0152368455369,-0.0365460673509,-0.00542759909451,0.00624630998188,-0.00653339505101,-0.00984510621973,-0.00818185073344,-0.0301911422982,0.0208682797552,-0.0373584825731,0.00940725940726,-0.0412675132792
195.7173631281858,0.0734513861255,0.0493336293762,-0.0100980996099,0.0315626457508,-0.00607420210973,0.0478026281742,-0.00914012948174,-0.0480460681946,-0.0149953245656,-0.0274533914909,-0.0219687306741,-0.0168072806256,-0.0289598180256,-0.035641285263,0.0209563961794,-0.0502057125625,-0.013858166331,-0.0551322045738
200.16548501746277,0.0423523040911,0.0548808419984,-0.0198241676762,0.0106559760022,0.0164346194673,0.0460768358753,-0.0244997975572,-0.0358164948168,-0.0156372737774,-0.0354090687115,-0.0255977823655,-0.00582262235057,-0.0308633771506,-0.0358236258324,0.0102948299547,-0.0439183610564,-0.0229324755306,0.00102831180916
204.6136069067397,-0.0258441394028,0.0153196007525,-0.0516398177689,-0.0148214117994,0.0028990460999,-0.00111684578678,-0.0286857074118,-0.0154123079242,-0.0203894078518,0.00426061101766,-0.0482801471319,0.0208795191498,-0.0126053952773,-0.00339484712739,-0.00821199672655,-0.0417358641982,0.00926528134586,0.0462449695432
209.06172879601667,-0.0290757480587,-0.0200326507415,-0.0649774422365,-0.0227463269846,-0.00720618034448,-0.0555317826055,-0.0141642693494,0.00989333446058,-0.0113310065836,0.0395001060961,-0.0598734598735,0.0506933934877,0.00204810929732,0.0156637586915,-0.0166528682228,-0.0335510329738,0.0421548774149,0.0375616101303
213.5098506852936,-0.00787857722164,-0.000925942282441,-0.0359757886546,-0.0254437063193,-0.0137727000913,-0.0588487097674,0.00401288910922,0.0153186537773,0.00825442789728,0.0480486146797,-0.0190190496597,0.044996746404,0.00902144838518,0.00110066936282,-0.0184350539937,-0.0172438017422,0.0454352544267,0.0190019047619
217.95797257457056,-0.046280291476,0.0430633763452,-0.00649407333969,-0.0343006855961,-0.0240051833747,-0.0223946676313,-0.00730847630372,-0.0166189550443,0.0127648739853,0.0152880614326,0.00431377922585,0.032071386457,0.016443587557,-0.011419760571,-0.0156772739491,-0.00679518387931,0.0636301231362,0.00980042235508
222.40609446384752,-0.0870618259251,0.0519311584024,-0.0106439205797,-0.0350261674337,-0.0178710331078,0.0122160459515,-0.0222611074744,-0.0442845749037,0.00213225309348,-0.0335930588819,-0.00684142789406,0.0446843738536,0.0231848725226,-0.00240821916668,-0.0213459009026,-0.0100610632979,0.0648482947113,-0.0042766674891
226.85421635312446,-0.0632031658817,0.0287327932556,-0.0359067797735,-0.0208494295501,-0.00123544511231,0.0292721460169,-0.0166252539328,-0.044341973374,-0.000432228155266,-0.0665963464877,-0.016090646785,0.0491249448911,0.00614148836539,-0.000223927137876,-0.025374671278,-0.00470273011953,0.0330170017109,-0.0255078738193
231.30233824240142,-0.0339247938523,0.0252758496293,-0.0339221888449,0.00393248928685,-0.00339562766634,0.0246498818654,-5.69047327228e-05,-0.0561132088665,-0.00161240903868,-0.0661860956504,-0.022531296285,0.0308490349379,-0.0209001255592,-0.00849940045723,-0.00718546193426,-0.00663273091932,-0.00768531818578,-0.0455264552413
235.75046013167835,-0.0345142273084,0.042780548222,-0.0215505869938,0.00118582275881,-0.0328853706431,-0.00560858752103,-0.0184390361984,-0.0689085340583,-0.0137362637363,-0.0159190552219,-0.0252918771012,-0.00383495772605,-0.0129356876078,-0.0131415936464,0.0196775635584,-0.017999430848,-0.0227934450369,-0.0555762370095
240.1985820209553,-0.035212005218,0.02176582456,-0.0108813964514,-0.0118122915431,-0.0499987637838,-0.0349566934009,-0.0316314193598,-0.0497545037727,-0.0254705637516,0.0198523151901,-0.00744286580921,-0.0264669786181,-8.09706512531e-05,-0.0219797615964,0.0155582922824,0.00610778839575,0.00369803840689,-0.0435905131283
244.64670391023228,-0.0584307337658,-0.0390976547874,-0.0158417561043,-0.0203195861678,-0.0511567104073,-0.0503363785222,-0.0238588617265,-0.0193682247435,-0.00661988248823,-0.017063316826,0.0114845938375,-0.0464469313412,-0.00500117166784,-0.0253989139515,0.0050844440028,0.0260183723582,0.0213127132712,-0.0184974690067
249.0948257995092,-0.078203713918,-0.0693613552364,-0.0132065331852,-0.0283877765382,-0.03577965473,-0.0687469462923,-0.0416237427185,-0.0164833729039,0.0224502397793,-0.0542671786538,0.00152843262745,-0.0566806606749,-0.0186784385719,-0.0263571659793,-0.00368969340002,5.40266026984e-06,-0.00652098808084,-0.0205620709822
253.54294768878617,-0.0339160436013,-0.0668196152633,0.00985818911888,-0.0393219882741,-0.0393087983116,-0.076781861612,-0.0508834805801,-0.0127611796739,0.0344904443112,-0.023483130626,-0.00852124670245,-0.0367836353406,-0.0415821129068,-0.0223981995625,-0.0133694393351,-0.0247866787267,-0.0325057047874,-0.0237428963355
257.9910695780631,0.00274085360514,-0.0609460171758,0.0230339918431,-0.0337393175203,-0.0619962197427,-0.0650941252077,-0.0346704634937,-0.0018651525801,0.0277576645219,-0.00717133293575,-0.00461324403109,-0.0291246623427,-0.0510437194823,-0.00862795144592,-0.00884656084656,-0.00244064909254,-0.0110428130296,0.000288364118151
262.4391914673401,-0.0288811176645,-0.0268595734966,0.0341667557075,-0.00833725554396,-0.0374777833127,-0.0551983036628,-0.00541360093247,-0.0144344315532,0.00443559828418,-0.0353342005313,-0.0225886581048,-0.0433931912276,-0.0335206416252,-0.0266737802327,0.00262080470136,0.020794774674,-0.00388285078962,0.01827099609
266.887313356617,-0.0539254695589,-0.00208281990197,0.00458386279282,-0.00958066294535,0.00555253787193,-0.0391004785415,0.017679391818,-0.0263449020585,-0.0172092362226,-0.0258480198647,-0.0597994549502,-0.0448696206305,0.00304439484127,-0.0332065985207,0.00935487276951,0.0177360028193,-0.021901433732,0.0188871524015
271.33543524589396,-0.0307416309611,-0.0286411564626,-0.0457824328674,-0.0207413041062,0.0128747795414,-0.0243275376946,-0.01123496436,-0.0329756762727,-0.0125215246043,0.0353408460605,-0.0549171448268,-0.0144905107531,0.0175210376936,-0.00372897625308,-0.010073097562,-0.00152465335711,-0.0235453338522,0.00291723718241
275.7835571351709,-0.0194776569233,-0.0633335364285,-0.0450784724131,-0.029236897188,0.0324576542026,-0.0281516219974,-0.0651660128217,-0.0293672196036,-0.00211240504635,0.0401636904762,-0.0228140129496,0.0310735333374,0.0194056345943,0.00343064182195,-0.0471719204114,-0.0216424087742,-0.0130057635548,-0.0204087131579
280.2316790244479,-0.0155922395876,-0.0659935336298,-0.025661255575,-0.0265386327546,0.0547444274152,-0.0155064114335,-0.0722569703149,0.0171717740724,-0.00904589683975,-0.0229510582011,-0.022797510229,0.0323040476444,0.0197769158684,-0.00381924031615,-0.0523246034549,-0.01199251658,0.00301610524727,-0.0264776997474
284.6798009137248,-0.013925554981,-0.0671708332505,-0.0215682007761,-0.00126649889243,0.0138193457103,0.00477794941829,-0.0360998718051,0.0418831511099,-0.0255862893169,-0.051804180066,-0.0284330733769,-0.00464954928367,-0.0115594429437,-0.0111170585921,-0.0462983859508,0.0111562202704,0.0371289685728,-0.00203907399361
289.12792280300175,-0.0285182434229,-0.0825968717606,0.00896405038551,0.0301988604329,-0.017940738921,0.00417991087866,-0.000479751518389,0.0245784871638,-0.0271729878796,-0.0569782312925,-0.0134462604932,-0.0217342174745,-0.032480262456,-0.00782391411397,-0.0529412010828,0.0154714718716,0.0562168262033,0.0141369047619
293.57604469227874,0.0121907049449,-0.0753700571638,0.0346317092898,0.00574857250213,0.0237639491126,-0.00873231136835,-0.017607425556,0.0259114851319,-0.0402567243403,-0.0847852349365,-0.000742607800092,-0.0290144498387,-0.0169186994042,-0.00187175287071,-0.0525060667893,0.0072491479861,0.0439418828594,0.00395048518471
298.0241665815557,0.0509178406489,-0.0457064513931,-0.00163835442945,-0.0514869040812,0.0535862529571,-0.0295302866326,-0.0623820012587,0.0324798347133,-0.0916397184706,-0.0793449786559,0.00215365316193,-0.0554211667973,-0.0130146099492,-0.00129738866027,-0.0630887028089,-0.00929923424754,0.0165242638385,-0.0214041230934
302.4722884708326,-0.00184862562911,-0.0123084321448,-0.0404550867514,-0.0777355324318,0.0539242022837,-0.0543025275706,-0.0653103005831,-0.00130659687947,-0.121491728959,-0.0284555923913,0.00191583610188,-0.0662015554897,-0.0135613647094,-0.0267190811745,-0.0826824407412,-0.0182864902491,-0.0131114285714,-0.0135468673372
306.92041036010954,-0.0806982288157,0.0124944980881,-0.0347642102288,-0.055436756174,0.040195142645,-0.043825714123,-0.0360378795089,-0.0416346443641,-0.09745533068,-0.0041834552487,-0.0121936731145,-0.0564849269266,0.00746629324874,-0.0499430930781,-0.101658159439,-0.00688254476801,-0.0354079931027,0.0275600647529
311.36853224938653,-0.0830144557823,0.0239752397022,-0.00881469820864,-0.0196345838994,-0.000698019928789,-0.0248407289745,-0.0202522991627,-0.0215807701763,-0.0369943382293,-0.0227122229645,-0.0344600147052,-0.00784988238572,0.0068697235557,-0.0579267284838,-0.0743953631259,0.0037435141441,-0.0307188010837,0.0329076001261
315.81665413866347,-0.0389131763268,-0.00368538103501,0.00747311479425,-0.00475873813394,-0.0423840708082,-0.0443048288498,-0.0280089180768,0.00238739997278,0.00489900635283,-0.0555100512838,-0.0367657501174,0.023334613989,-0.0234703020993,-0.0393842847526,-0.00334258057401,-0.000486307228986,-0.0142550334016,0.0142050960055
320.2647760279404,0.0442849608198,-0.0383281130832,0.0138704235822,0.01131582739,-0.0243489195539,-0.056652893287,-0.0443422357807,-0.0003315625301,-0.00948784852894,-0.0571964615691,-0.0293237093649,-0.00874417010704,-0.0459404740412,-0.0119619149224,0.0209740973079,-0.00373919819495,-0.0195458760285,0.0101141250736
324.7128979172174,0.117937730423,-0.0315795717194,-0.0175175388195,0.05580643271,0.0251890455753,-0.049607446136,-0.014207335499,0.00489175362251,-0.0491630729371,-0.0414810944074,-0.0101893705354,-0.0407070458706,-0.0550552974282,-0.00259827814348,0.0105563753978,0.000973659345977,-0.00912125308291,0.00563665561124
329.1610198064943,0.14351039351,0.0119219047619,-0.0492281884027,0.0720217107232,0.0393573075851,-0.042285894723,0.0497127308582,0.00470920034117,-0.0547676110588,-0.0468457067867,0.00303626037571,-0.0216602467482,-0.0644458161336,0.0142181959771,0.0335703267991,-0.00296305636111,0.0147934466135,-0.000643279166769
333.60914169577126,0.123790627362,0.00582791775928,-0.0455115855054,0.0583379420857,0.042116574743,-0.0249091362313,0.0751528140858,0.00134398763775,-0.0249283543205,-0.0365619975998,-0.0160452467068,-0.00102072515866,-0.0546284812267,0.0129151599328,0.062610312871,-0.00194937445447,0.0186795405242,0.00146275538596
338.05726358504825,0.0858486904999,-0.016706635588,-0.0407035593425,0.0513390666835,0.0468265068265,-0.0319060583226,0.0566596173611,0.0210104390593,0.0305271057743,-0.0469833841864,-0.0574399219651,-0.0183549982493,0.00229421229949,-0.0347418018451,0.0406868825491,0.0161539013196,-0.0016243044944,0.00895021733463
342.5053854743252,0.0501036897914,-0.00747120111527,-0.0104301539347,0.0121063258987,0.0237685670599,-0.0817353234323,-0.0116722272773,0.0454085437307,0.0571126024534,-0.0717508974009,-0.0874149659864,-0.0310947551885,0.0502797167553,-0.0837399516316,-0.00375985236543,0.0270172095516,-0.0243953318245,0.00188216006717
346.9535073636021,0.0253125152002,-0.00861624393504,0.0245102544073,-0.0517441943705,-0.0141285762742,-0.124579145995,-0.10570631058,0.0413769353229,0.011285845571,-0.0733236210246,-0.0826264264873,-0.026045529113,0.0454765210492,-0.0987243662897,-0.0221711946473,0.0146890101867,-0.0412641958214,-0.00532391908617
351.40162925287905,0.054277354951,-0.0253885243653,-0.000421989934185,-0.0924069328778,-0.0543073118055,-0.112843018563,-0.135128158406,0.00820105820106,-0.0440127937241,-0.0471760866712,-0.078900485014,-0.017948162106,0.000875852558608,-0.068917581744,-0.0100732600733,-0.0150083156506,-0.0583846821195,0.00552619129186
355.84975114215604,0.0416817105949,-0.0703166380067,-0.0421482632068,-0.101800790502,-0.0659040369185,-0.0565370157063,-0.102527599038,0.00513045097193,-0.0631064006951,-0.00929669872937,-0.0794630609445,-0.008890155452,-0.0450206664944,-0.00498242775371,-0.0134856648618,-0.0343699331615,-0.0645025912573,0.0328509102094
360.29787303143297,-0.0503966500431,-0.0817929926208,-0.0172287874197,-0.0850947995868,-0.0331924822513,-0.039283223276,-0.0750848503548,0.0142299925425,-0.0763747547537,0.00893643171554,-0.0412620794039,0.00326830996377,-0.0546277855528,0.0384332482993,-0.0388049878151,-0.0382068171184,-0.0606602593267,0.0383127767428
364.7459949207099,-0.0685145380856,-0.062023392057,0.0295585016314,-0.0532047997743,-0.0323506033673,-0.0515260770975,-0.0471318834796,-0.000195294833527,-0.07969114491,0.00290404897701,-0.0120589982634,-0.016133418977,-0.0442820641079,0.00608519699106,-0.0460879598811,-0.0331161050521,-0.0571688521749,-0.000212238833993
369.1941168099869,-0.0125649731724,-0.0781255417559,0.0120845790546,-0.0296945536624,-0.0439680879077,-0.0339112554113,-0.0410130817156,-0.0169426959928,-0.0717955316634,-0.0277945627787,-0.0316536590883,-0.0521503516661,-0.0244999131446,-0.0473375705304,-0.0153875262912,-0.0303588135943,-0.0551543455299,-0.0299297962849
373.6422386992638,-0.00724659683214,-0.0896342811499,-0.00434294829657,-0.00638076518784,-0.0394318884579,-0.0401830592091,-0.0721801744981,0.0135119544894,-0.0600831260005,-0.0499012134238,-0.036496142081,-0.0490902612554,-0.00827011730946,-0.0527866538505,0.0110228056533,-0.0330982711556,-0.0246657874228,-0.0363624016841
378.09036058854076,-0.0439483079399,-0.0856406965953,0.00501734930516,0.0284183620006,-0.0527701294174,-0.0711870565102,-0.0878117220597,0.0669647969116,-0.04479061128,-0.0317786747508,-0.0203524577761,-0.0452046607135,0.0030105537005,-0.0123596930964,0.0160026462476,-0.0200293434993,0.00936348751535,-0.0170259636801
382.53848247781775,-0.0745676758456,-0.0412470518441,0.0148234566043,0.0345626527378,-0.0720791445872,-0.110737977864,-0.0564547988499,0.0808542188805,-0.0216550833273,-0.0133364642928,-0.0171780517763,-0.0509037502895,0.00365119414741,0.0198646452503,-0.00671857455777,-0.00422234824202,0.0148542908333,-0.00622732354235
386.9866043670947,-0.0871038806982,0.0151986681782,-0.0127157675518,-0.0378180923335,-0.0436994150472,-0.13637446296,-0.0191169108204,0.0329613491078,-0.0156035947175,0.00414047561799,-0.0144266199732,-0.0388144524357,-0.00608983663667,-0.0070199120977,-0.0412872320243,-0.00777143855882,-0.0010184856678,-0.00644828884529
391.4347262563716,-0.0598484408008,0.0288721841713,-0.051299728136,-0.101513997412,-0.0251596092231,-0.103294552322,0.0188892529489,-0.0117205240923,-0.040341856587,0.0508578323954,0.0103985633183,-0.0269807836404,-0.0237610812382,-0.0461723872402,-0.0577023548298,-0.0292517006803,-0.0151256574392,0.00431631142865
395.88284814564855,0.0468584861864,0.0236734794838,0.00326371751516,-0.0528108465608,-0.00834322648727,-0.0202737893196,0.0748452417281,0.0530009197557,-0.029587389631,0.102919480307,0.0325247292897,0.00485498253355,-0.00293947444564,-0.0289634487044,-0.0152142116567,-0.0145013977251,0.00384931898958,0.0203868290832
400.33097003492554,0.237841889139,0.133398208475,0.198244962104,0.084370820978,0.153918355788,0.126223061816,0.175090195582,0.235385674582,0.0779138473268,0.178290696216,0.100103251293,0.0997183514474,0.114004443817,0.0749590542401,0.0906140233871,0.0738658465428,0.0778122133095,0.0664728163451
404.7790919242025,0.456012732594,0.329738536094,0.424433535335,0.241210320419,0.372916187409,0.30902750687,0.312071635012,0.366678302598,0.258793255293,0.308250534918,0.228368576101,0.235259279507,0.230803014487,0.216355645189,0.203794263517,0.201463771349,0.203747408613,0.147448834853
409.2272138134794,0.541141195896,0.430981964058,0.476068738563,0.363482618115,0.445208874291,0.418587957638,0.398380870244,0.397445987111,0.369710457929,0.408417027417,0.317695529455,0.321466016845,0.252425728371,0.30119133234,0.266195226109,0.271164819996,0.299134289284,0.205961211187
413.6753357027564,0.550650075776,0.486542804011,0.483477305357,0.418228722901,0.469772479454,0.469042864059,0.410172392837,0.398688448424,0.405357801711,0.422813708668,0.362040997754,0.364862609696,0.23914320424,0.323485064503,0.312034298553,0.280796252927,0.342641127826,0.234543650794
418.12345759203333,0.645778311325,0.594499776671,0.569676145148,0.46233809017,0.541176126047,0.530130500412,0.461223482483,0.399683294673,0.445635272208,0.43360858954,0.427833377616,0.408941341145,0.286803013706,0.341596088513,0.367402097727,0.320884128299,0.37174685236,0.289996129182
422.57157948131027,0.787324639399,0.699114854477,0.670084243471,0.569878057606,0.637054273681,0.594822366626,0.546899833022,0.428250974794,0.525866327576,0.5071759491,0.496968626758,0.476902211985,0.390306122449,0.401820170506,0.441066509248,0.391494955744,0.388955126816,0.387818196419
427.0197013705872,0.888682616203,0.730896108797,0.7193845881,0.680692780102,0.725961813297,0.631049150151,0.585362327511,0.474069591646,0.585736818387,0.573451724177,0.534876575417,0.532960774742,0.447008514327,0.447111433406,0.492373825115,0.435879699248,0.387057267838,0.44813045145
431.4678232598642,0.884362545709,0.742729890351,0.723017174083,0.76204342585,0.734437329801,0.638823279217,0.589482329517,0.509224789445,0.583937111215,0.60871220676,0.54810296939,0.540143931849,0.463343997523,0.458094459865,0.478063085743,0.460033290404,0.395087701511,0.44799369023
435.9159451491411,0.856298173371,0.75365884175,0.713724396863,0.795842658453,0.699064241081,0.624338873351,0.606980496418,0.520226692593,0.577631218622,0.660799466591,0.547983868687,0.531564092557,0.509191151477,0.465598489925,0.471882587012,0.454241642114,0.420302270265,0.436678656789
440.36406703841806,0.901284523546,0.782093162097,0.719951695051,0.776959436169,0.732653929749,0.645775165006,0.638598347855,0.544350399119,0.642703962271,0.715730766223,0.569051023651,0.55612466998,0.588461754228,0.485864073329,0.533080567045,0.450311078205,0.459907931159,0.448561811747
444.81218892769505,0.985238404922,0.825494982093,0.785042744716,0.808192027781,0.812917759696,0.707745022623,0.676721866386,0.581577718184,0.716267778232,0.743378335817,0.620871620149,0.601480196982,0.624582946853,0.515903375719,0.594640833454,0.49439339849,0.529435044148,0.499145777032
449.260310816972,1.03132805891,0.874948722604,0.819665977881,0.890167124542,0.880724198556,0.771761980441,0.692619915119,0.60154845433,0.716110228364,0.721457488684,0.643695506372,0.618127471824,0.586341113398,0.521652966959,0.587695598334,0.527979608578,0.582784189201,0.554172020403
453.7084327062489,1.0330081064,0.909651860191,0.79076852911,0.898668342624,0.930104559531,0.815302461736,0.714542289659,0.631155898378,0.69130086245,0.675171485261,0.621354621714,0.619041888717,0.559696310047,0.537558623999,0.551490567924,0.530332925249,0.597580249449,0.585098737658
458.1565545955259,1.01851425502,0.895296174988,0.821094002765,0.906257412679,0.933109855964,0.844767498646,0.764715344223,0.686504428504,0.684558398903,0.678447565606,0.601017376932,0.656576341508,0.590932539683,0.590917320192,0.553079868021,0.549497702764,0.610570014833,0.592604889367
462.60467648480284,1.04714671294,0.908329399175,0.890454720445,0.967445156149,0.911600051098,0.867664232265,0.802091700841,0.712784660308,0.694394723182,0.71024555485,0.628451887434,0.740374243189,0.642904055974,0.650934495864,0.580745434184,0.594001738626,0.627290347364,0.595096060402
467.05279837407977,1.10558316224,0.96974664435,0.916434672688,0.962061375344,0.886570440142,0.892894872341,0.775151769107,0.688485940755,0.70767212579,0.720971600928,0.663226548596,0.773501858549,0.671105534605,0.682153213025,0.602189935257,0.621163642965,0.621320257611,0.59375934867
471.5009202633567,1.10655128581,1.01553140048,0.925788258478,0.935903276973,0.876518491697,0.903995616218,0.745334037129,0.6596896513,0.696853849216,0.717533531039,0.674205663843,0.735802914226,0.665272404788,0.671510155413,0.606862632281,0.625416280427,0.61413390199,0.613765308917
475.9490421526337,1.07879531055,1.01217575346,0.939381283487,0.964130559434,0.915894485676,0.883585622544,0.735078039567,0.67261687045,0.685667158685,0.732347755843,0.682160811124,0.684853853993,0.659904402724,0.664483436561,0.625306520669,0.625358030536,0.609938421631,0.639755771888
480.3971640419106,1.07557985874,1.0039631093,0.956183162812,1.00128376172,0.970599956389,0.851317443102,0.754139323574,0.719389033569,0.717636606354,0.744523205148,0.69785229431,0.656782215732,0.689871759515,0.683607797313,0.692549030199,0.641739440166,0.623365363566,0.664570372884
484.84528593118756,1.13046738081,1.00938316953,0.991243193858,1.0285235865,0.971341616188,0.852120703747,0.785576392719,0.755362768926,0.770251291332,0.746410374515,0.715129437385,0.668888924332,0.738189030416,0.708645307724,0.732115076719,0.676410491381,0.675502611638,0.697635280113
489.29340782046455,1.22900846385,1.02191429638,0.977545459887,1.05130248386,0.96941142569,0.891133535593,0.808498873432,0.747352061797,0.788121721484,0.760691546928,0.714138950981,0.692851012564,0.773385423869,0.70793397588,0.698557623351,0.691092164325,0.7084499365,0.719380320286
493.7415297097415,1.31462946113,1.026881892,0.9776505466,1.02530651858,1.0247415174,0.936954271312,0.822852712197,0.705288773801,0.781080648803,0.784553021889,0.720330043166,0.740786213237,0.762759136869,0.685489891272,0.669043398682,0.689930430611,0.716982127584,0.728967328351
498.1896515990184,1.33569427771,1.01282234067,1.01994033422,0.985007499063,1.08756601342,0.95087726333,0.823618775633,0.701249605096,0.784067076226,0.79842971964,0.713860903011,0.77132802544,0.720630352181,0.6728787006,0.690306090475,0.699200489056,0.734461911208,0.721537993221
502.6377734882954,1.28773170342,0.996733339125,1.00266181436,1.02376579126,1.09641257293,0.938218578663,0.79648097327,0.736961554076,0.796139675096,0.774926225634,0.6959746427,0.739823119508,0.668217663441,0.665522645966,0.693972631077,0.731682340395,0.739004494853,0.678112339421
507.08589537757234,1.28962748386,0.975427216074,1.00475473082,1.0713394327,1.06515254751,0.919545356604,0.778373609923,0.757286010164,0.811664578112,0.74799760297,0.700731894782,0.725007368357,0.63307995004,0.664420567385,0.676552082627,0.725200190135,0.71374609138,0.625296018945
511.5340172668493,1.3404746244,0.992462583042,1.05279676942,1.04507402021,1.02347523644,0.936131212689,0.800258060405,0.727675085172,0.80288562635,0.773850532813,0.710648067826,0.732962646136,0.652135339772,0.660070021494,0.677321422966,0.690224465237,0.706262156905,0.619414222643
515.9821391561262,1.29367819635,1.00834012992,1.09492214317,0.995478107626,1.00767566029,0.937238987077,0.835622848537,0.685181715218,0.778009342777,0.814531641604,0.704658737887,0.729937381681,0.69757707752,0.644789153935,0.677902326417,0.687273245087,0.709781348658,0.647798889032
520.4302610454032,1.19888778868,0.988569337487,1.11889932173,0.977756843907,1.0139309057,0.923427765924,0.873360225633,0.692748545201,0.775575459614,0.844117553563,0.705010124763,0.723853945653,0.723883124272,0.661102936875,0.678602156202,0.686071277304,0.689997193137,0.674078176305
524.8783829346802,1.15508611955,0.943635428855,1.16486708575,1.00436657541,1.01817756868,0.914616305069,0.893493428703,0.713766767561,0.776297612908,0.825921496993,0.726219665825,0.752775598507,0.725088479794,0.670948693083,0.687719860714,0.676559356137,0.677165759849,0.687857222461
529.3265048239571,1.14599158703,0.931857277916,1.20096170141,1.02719177256,1.01171135979,0.900332174482,0.8750053819,0.716917869998,0.761619787657,0.763985337757,0.747615267329,0.776806568473,0.690910756568,0.653210401243,0.703023753237,0.678484254572,0.680532644159,0.671586087893
533.774626713234,1.09738264807,0.995722363019,1.13044449862,1.01562022524,1.00077298679,0.868482087844,0.852128379092,0.743122122586,0.745865642245,0.728436042826,0.768834729434,0.76458366163,0.660947087274,0.621795830331,0.725678836385,0.70234972268,0.672141698083,0.646758514308
538.2227486025109,1.02702412659,1.07761692481,1.03768522165,1.02696979891,0.996550467819,0.872055069764,0.799555385126,0.761454005418,0.752719063303,0.743201576272,0.770981103553,0.749380251668,0.670835508381,0.615197637019,0.727424064749,0.692198375504,0.669460518385,0.656308717973
542.6708704917879,1.0070752842,1.10505127505,1.00560823094,1.03979651207,0.999298430238,0.890592752279,0.743574610474,0.72930338986,0.777977441634,0.781854332226,0.742593758012,0.73567837983,0.679712816672,0.637838211591,0.694329489231,0.658904724498,0.685951088931,0.668861619457
547.1189923810649,1.03476015595,1.10933499996,0.999267340865,1.06647304655,1.00013580336,0.876327016775,0.738738032526,0.70513939931,0.797373851239,0.776664126488,0.728481670446,0.708422288318,0.644365245351,0.656340975897,0.65786892975,0.649635536727,0.701831454604,0.66731537397
551.5671142703418,1.11024659864,1.11875871376,1.00489767428,1.07997343244,1.00790300925,0.835338900839,0.761122280923,0.711198200252,0.788757525274,0.725835377389,0.739107756505,0.690479218522,0.609746367683,0.664232150329,0.658024780118,0.632965394542,0.680286521388,0.677593305466
556.0152361596188,1.21292595651,1.09646819763,1.07640192282,1.04922932437,1.00236991999,0.789653067239,0.797830856795,0.72691632558,0.773771413327,0.699047214958,0.746771121352,0.694976083844,0.62606154881,0.675744223586,0.675760319976,0.611686745505,0.658568401937,0.681801249128
560.4633580488958,1.25937538219,1.09647908803,1.13323052883,0.990988713801,0.96555472953,0.797156889931,0.831416930241,0.760166157488,0.767748588797,0.682499460552,0.754379732746,0.706170433162,0.668455863281,0.672305701823,0.671634404126,0.593977048549,0.67652714589,0.662077547397
564.9114799381726,1.26858250277,1.10720151061,1.05878276613,0.942491298845,0.971654586548,0.855082127105,0.82825800066,0.761180264223,0.757626382944,0.647805059524,0.748968561287,0.716410209718,0.701433180203,0.650997787868,0.689671238058,0.598087719936,0.710871826506,0.63572391724
569.3596018274496,1.2436061451,1.01808130604,0.96608226154,0.926106733661,1.001759649,0.90904619466,0.815850752735,0.733656604226,0.740412935618,0.652320557803,0.734377820085,0.719225826787,0.706826801517,0.637069354257,0.695799514299,0.614309415698,0.723342737963,0.649893757037
573.8077237167266,1.19815086088,0.938864141008,0.936413377167,0.947863005409,1.00144276512,0.922951048447,0.80941802926,0.701837811475,0.728080786576,0.699109969632,0.727035581163,0.731948142218,0.697596181914,0.633002507218,0.654170855207,0.603223872394,0.690040424269,0.665319520114
578.2558456060035,1.14696640077,0.966768477834,0.924147953496,0.997597221281,1.00013512332,0.920994629569,0.823937101553,0.683965059034,0.723909092667,0.752012998678,0.696887841431,0.738672419557,0.694058724904,0.618354918176,0.610550194307,0.6130061149,0.628166837043,0.640592099308
582.7039674952805,1.10052910053,1.00322717193,0.946922720235,1.02923550373,1.01252069954,0.907974930466,0.847086866888,0.668231991128,0.720682952304,0.798765565747,0.653166482465,0.740134793491,0.697267689319,0.624558130881,0.612595886963,0.647128512513,0.589066257816,0.613035333072
587.1520893845575,1.0574315798,1.00407733814,1.02053561603,1.0230407978,1.0056597419,0.944839970372,0.862323560061,0.632248270695,0.675366852245,0.828614344079,0.65080357515,0.726661967627,0.691034729681,0.65859834753,0.647193666549,0.666673022653,0.598754631536,0.598306664096
591.6002112738344,1.07067658689,1.0275909231,1.05201632011,1.03058900544,0.977343500143,0.996456672798,0.893503555268,0.615677882723,0.647764042549,0.81850102727,0.679896894622,0.710028533558,0.673858927132,0.683814116658,0.67416915943,0.681325971039,0.620142681766,0.578129622966
596.0483331631114,1.11523238258,1.06070403133,0.982501681348,1.0453614505,0.941476342398,0.982556836131,0.886669322902,0.631573997614,0.67011541385,0.783500352332,0.697830837026,0.704489985409,0.644873561239,0.686244783279,0.678816662296,0.681295562092,0.615906665124,0.575433389975
600.4964550523883,1.140954054,1.07773960019,0.925169464307,1.00172513485,0.923975042394,0.940350227228,0.85451007326,0.649774498304,0.701396614146,0.757968835871,0.700770624175,0.691967485919,0.624671188272,0.689739539557,0.67620951429,0.664495683957,0.622293181372,0.576265291679
604.9445769416652,1.16649568265,1.03604771375,0.920043528704,0.954716000486,0.925183574422,0.890705370562,0.882413768081,0.67392127349,0.709262841827,0.754738031576,0.695933852631,0.696187055373,0.627406461721,0.6876998752,0.678726066069,0.67116983573,0.630646261627,0.577404487668
609.3926988309422,1.19437268578,0.957815693079,0.952434373819,0.975798314691,0.935810597449,0.832378933881,0.896065405625,0.711554039749,0.685502802906,0.772198182043,0.715624738472,0.731938963431,0.644813371309,0.675555457634,0.673438075651,0.680034106034,0.612483791036,0.609331672057
613.8408207202191,1.16769165065,0.912614890047,0.980326997752,1.04224771516,0.899102423379,0.801778937796,0.865452961672,0.734164441688,0.666325354519,0.768434036563,0.737611828705,0.733245396648,0.674443306114,0.670612345233,0.684542887668,0.673884379249,0.588985751781,0.634981931704
618.2889426094961,1.11052152178,0.956684851627,0.948245233272,1.03901884747,0.863882408551,0.801001722909,0.847232579818,0.725096728964,0.706858842797,0.753289428763,0.745014299822,0.675323514578,0.695560206626,0.674183409568,0.70282684157,0.680523028884,0.566466696569,0.612682489398
622.7370644987731,1.09495345626,1.02496960323,0.937298972307,0.950209016426,0.878251138381,0.807954225384,0.860032788455,0.683441971672,0.745976504838,0.758873724929,0.727954673933,0.626842200136,0.69943304737,0.659428550607,0.699252912396,0.679447792351,0.582025187073,0.580832869712
627.1851863880499,1.12200748672,1.01901614245,0.978996875433,0.910347849323,0.880679435755,0.823365242073,0.844254528008,0.641983593279,0.718176823177,0.776163855988,0.696297582081,0.638738893447,0.68776773328,0.618162441385,0.676702085793,0.66909939301,0.614211052424,0.564916671881
631.6333082773269,1.154709358,0.981375891753,1.01186022482,0.952847054076,0.850379232153,0.871337617847,0.770962477693,0.646221798072,0.667337697447,0.789875189588,0.679781377111,0.678949662795,0.668102788576,0.586931117476,0.664830366811,0.658304307856,0.638421387728,0.576728442501
636.0814301666039,1.12321548338,0.970816850969,1.03820229949,1.00081274251,0.836756379313,0.937033158313,0.724241826119,0.67810153563,0.642517006803,0.78781416028,0.646007571675,0.716399852265,0.659677296598,0.571780798313,0.677202288858,0.62145901066,0.652896754517,0.608436353302
640.5295520558808,1.05818078129,0.96863394729,1.03385932092,1.00196594218,0.864510361516,0.98254714634,0.72473967474,0.695001757502,0.637700039032,0.777869576976,0.623706767253,0.713265215006,0.640417786908,0.570970505507,0.689372114902,0.582664156706,0.615481393606,0.618298462366
644.9776739451578,1.02933654117,0.972711625304,0.99382117555,0.954893505354,0.859417825503,0.98462753768,0.730504050194,0.707451287261,0.623583768972,0.779677760276,0.625404274603,0.671869229104,0.624772163624,0.591650128946,0.668032035509,0.606706863686,0.56681220217,0.598452143867
649.4257958344348,1.04432234432,0.961136847045,0.98201904107,0.900031802228,0.896904682619,0.976397754403,0.715129494421,0.735912580939,0.616529458155,0.810653865173,0.639626453497,0.640513723041,0.651184869552,0.632701157777,0.655417072471,0.641867732955,0.544757671775,0.569315823006
653.8739177237117,1.10473114026,0.923180348728,0.985651349452,0.913563575068,1.00432523079,0.924631427022,0.722797431275,0.727246903494,0.656584345982,0.82021340388,0.643044070589,0.637277428584,0.657729256319,0.642098705239,0.668983669762,0.632551824624,0.536630567149,0.554942423254
658.3220396129886,1.17698542775,0.908827723367,1.00866847455,0.964128425937,1.06411221585,0.826739097843,0.754218887114,0.660861271936,0.710811110663,0.785519012366,0.612919178451,0.662538660123,0.612664814502,0.604690129438,0.683241903254,0.641455687951,0.548257364744,0.593948238259
662.7701615022656,1.17471556919,0.908450350083,1.00373576747,0.980649165649,1.06416548222,0.785754713392,0.767802865827,0.629070710276,0.745704274273,0.768704348765,0.59255285777,0.689677681027,0.588357443918,0.587730393496,0.689071062122,0.659654121389,0.579288884012,0.631294240669
667.2182833915425,1.1213179392,0.924214701381,0.977685613743,0.949632762165,1.0676159795,0.808667369387,0.738718718484,0.649877484975,0.759160163123,0.806677279107,0.582113142655,0.705248615283,0.589903202475,0.608509017642,0.652526854871,0.616803061603,0.602027831756,0.642594008766
671.6664052808195,1.03061150595,0.952078859667,1.00157363076,0.928199708852,1.10299107423,0.836118314346,0.731653537599,0.66850290841,0.761707592616,0.82053981757,0.605781408308,0.706617528206,0.612062779584,0.607247472838,0.590609479056,0.589937888199,0.603844085349,0.646088123704
676.1145271700965,0.922937831849,1.00401439646,0.986926769946,0.931650477262,1.06820097132,0.853239536764,0.753173923679,0.683316024721,0.766331193559,0.7706395021,0.656593159026,0.660560337879,0.655550208293,0.565861296181,0.585082131264,0.617768321137,0.583140154708,0.636575137749
680.5626490593734,0.899821415204,1.04912333134,0.886790583045,0.965840003234,0.984301048531,0.840026120562,0.750047690583,0.700100395466,0.735248798569,0.734683309517,0.685482785539,0.609826736124,0.671741796315,0.571058045593,0.628013026062,0.644567884406,0.540943843757,0.602791190331
685.0107709486504,0.955239861359,1.02038823123,0.825692994309,0.988692532094,0.877526324061,0.808158039752,0.748022432113,0.704277975437,0.720238981933,0.686778715685,0.680527610105,0.598512060665,0.656737351569,0.632043244765,0.646375652834,0.627527880785,0.503367254343,0.569829830333
689.4588928379274,0.99832856582,0.984633976535,0.851696043674,1.01131410089,0.799119778545,0.833499412705,0.76883472367,0.698180293376,0.719946355861,0.651974773813,0.669710118105,0.627396122768,0.641387449711,0.666139589818,0.620582902797,0.580293555082,0.516038390077,0.567575745952
693.9070147272042,1.04207009796,0.994651211362,0.943231192403,1.03257667831,0.816419021722,0.926257642655,0.760672309497,0.665833645416,0.697354862755,0.675238431056,0.659948931847,0.680627887723,0.650428524595,0.659057215097,0.604230733389,0.549748657753,0.565059369036,0.577841575841
698.3551366164812,1.07159677513,0.997771177006,1.02150260939,0.958685361255,0.872454121254,0.962640602547,0.755814087494,0.628283704483,0.665997285999,0.683657917303,0.642302189059,0.722523345724,0.657571524901,0.621377737179,0.594981297362,0.547437343914,0.583211088543,0.585586531562
702.8032585057581,1.0641043641,0.981047586076,1.01668329155,0.869809695325,0.939245580892,0.889679093308,0.742934934052,0.637437227661,0.646831388452,0.675500916269,0.618555535606,0.725287044193,0.645483193277,0.575068932899,0.588575090093,0.567135084992,0.560837395216,0.593892862611
707.2513803950351,1.06327675506,0.979175774356,0.993106943286,0.857398246461,1.0268282806,0.766434977794,0.717608636177,0.637702221957,0.642203322454,0.728396296608,0.622214370772,0.67715888409,0.624205410451,0.560554272751,0.606294773472,0.604712826393,0.537741069097,0.59808241375
711.6995022843121,1.07660402603,0.952102258802,1.00470589316,0.888496727038,1.06921480012,0.725941967244,0.714670047267,0.575749111735,0.638271440841,0.807581570349,0.637796852092,0.602402521984,0.58951144792,0.585242502009,0.613773718894,0.606092731128,0.521784959227,0.603135453505
716.147624173589,1.0389567938,0.888052106271,0.990525397135,0.946012732086,1.04212282627,0.772461680359,0.714351321691,0.548379792182,0.613162294911,0.814779267042,0.644510582011,0.561356325476,0.57156895128,0.61541762089,0.601725255547,0.542360651397,0.511667392507,0.614276110151
720.5957460628659,1.03681932103,0.898707074808,0.97648785922,1.01815409209,1.03301941018,0.808152293175,0.738566651581,0.604098925254,0.61636207571,0.777708245649,0.659058038071,0.576805131501,0.58535710113,0.609579863335,0.587693188605,0.497773350522,0.500379720008,0.61252170566
725.0438679521429,1.09514700189,0.982462434908,0.996674967322,1.05464581626,1.01817683029,0.798749127078,0.778074075978,0.639701512084,0.676346222143,0.74602872237,0.710085514345,0.610032862014,0.62272454653,0.589618234182,0.596680652134,0.516709000411,0.521110678051,0.590706492233
729.4919898414198,1.09139695158,1.00450729425,1.04327510097,1.01062829698,0.930218903903,0.797088885705,0.768521508047,0.599724554557,0.711775497649,0.70184931458,0.742670603096,0.636332134367,0.618988088767,0.577023577196,0.601322066369,0.528277930198,0.592905618091,0.564612776565
733.9401117306968,1.02622199039,0.954523892024,1.04849985704,0.908332912967,0.870400282448,0.787425163949,0.742048038315,0.599057818178,0.71830019451,0.645369237476,0.695438133543,0.637863551927,0.583890933423,0.569865173397,0.602635954343,0.521878616433,0.631162723528,0.540946533904
738.3882336199738,0.972792304173,0.941236113933,1.044735718,0.876533755064,0.882263118408,0.752905203083,0.746583693474,0.654668305911,0.724148124261,0.619262103804,0.628473272692,0.616304053205,0.583782189004,0.558188926843,0.623410481511,0.544315029776,0.611920980077,0.541062555523
742.8363555092507,0.994244894569,0.985070028011,1.0470597635,0.936522704067,0.92568399129,0.743547594476,0.761898715809,0.692230119584,0.728518494512,0.647597415084,0.61491081656,0.596356063219,0.610130146891,0.542640153799,0.657699574631,0.576976486454,0.602521417199,0.549575047066
747.2844773985277,1.07568718544,1.01902486563,0.976295504777,0.999963691971,0.948872006223,0.789268141714,0.736699126766,0.689495112355,0.712194881026,0.706616882469,0.637219976251,0.580629387277,0.61820780944,0.544788053047,0.677117286477,0.560302769882,0.599760379325,0.547612853137
751.7325992878046,1.08276561653,0.988845395352,0.902628606187,1.04089825191,0.951668876557,0.832137798085,0.686487513173,0.653803115449,0.666506611917,0.765473432616,0.636288881187,0.595535923435,0.591518627467,0.575712270497,0.698540951571,0.530345685479,0.595861177657,0.527168441033
756.1807211770815,0.989905074234,0.942816567948,0.91868542383,1.02524843071,0.982271586025,0.875137805178,0.69589619577,0.644322081822,0.656403182907,0.773249342794,0.61873500649,0.629462585034,0.563826921458,0.604746965019,0.696156291363,0.543121961502,0.578481970823,0.500531434453
760.6288430663585,0.94634440807,0.979746037314,0.965754871173,0.912891277735,0.989545368992,0.884377960045,0.740899783185,0.646529862205,0.670524538049,0.719335620083,0.628882583546,0.632832261577,0.567055566877,0.630732128917,0.63376233847,0.56863594556,0.534963070513,0.512293524086
765.0769649556355,1.03080376099,1.0218787392,0.999281814204,0.824703417953,0.97541380635,0.858890959127,0.750597652854,0.629736412766,0.650559015953,0.699333813599,0.661338179916,0.651661819392,0.603384333943,0.63772071255,0.595691957765,0.585268534576,0.509340659341,0.572690032262
769.5250868449124,1.10782921519,1.03513873198,1.03408313335,0.840406813946,0.967793516844,0.875417828042,0.757310048571,0.632215478784,0.63977065267,0.756248491158,0.681660222542,0.64952208211,0.615341144258,0.612689146171,0.61545513661,0.600857818305,0.542434046789,0.629737518429
773.9732087341894,1.04851859443,1.05430475829,1.02750143261,0.893042405538,0.91426735433,0.901230514627,0.7993294663,0.64878600694,0.677989928188,0.794155564278,0.668304603395,0.613986262031,0.617445731164,0.590791075921,0.653075962426,0.591385370828,0.555044734939,0.60208011643
778.4213306234662,0.996058952474,1.0517838498,1.003153549,0.912716750286,0.863011574187,0.871228075774,0.771359435267,0.633406890364,0.7327719858,0.744829602157,0.633026134891,0.604954481793,0.636200688544,0.586993206581,0.63544335068,0.579231347877,0.521617317447,0.529566195234
782.8694525127432,0.969013500999,1.02130936456,0.988168413735,0.889340223269,0.857671596141,0.828470973103,0.705744027469,0.602636719733,0.775878657208,0.677177033153,0.611408978381,0.632013752593,0.635633757449,0.606757179537,0.586428069508,0.572255661046,0.491719872306,0.514207434068
787.3175744020202,0.949184960328,1.01185880602,0.985411957141,0.866182178081,0.89907492985,0.82417680653,0.676622801468,0.57573129593,0.764422741947,0.670634332571,0.596041421956,0.658767228452,0.629742045601,0.606917837038,0.583459587989,0.579133148405,0.497023013538,0.563084358932
791.7656962912971,0.912837141118,0.98630973971,1.00968720822,0.884823760074,0.966554611785,0.834040471628,0.682674013001,0.562607753653,0.7047039695,0.694325710235,0.581816025561,0.636468343951,0.641171300735,0.571317879686,0.594400367054,0.572644174612,0.513207009996,0.593389456547
796.2138181805741,0.878984292544,0.88421738202,0.954393745003,0.880839185333,0.997571261979,0.852906147034,0.687634752056,0.55041600453,0.651648940826,0.732859899279,0.559987585613,0.613070012456,0.649918431322,0.559291745179,0.573297048398,0.524062372202,0.512244809097,0.574100457594
800.6619400698511,0.885322560901,0.782078234889,0.880924881984,0.8663323111,0.97424620308,0.866550981975,0.67426558988,0.546648447039,0.684951795288,0.779214462248,0.52487721546,0.627547113044,0.636696618095,0.596969440208,0.545585528281,0.492912123581,0.50052287182,0.555689005245
805.110061959128,0.882328793586,0.77084271537,0.882260241053,0.909035810454,0.925630459284,0.865386276988,0.68914198056,0.576604010025,0.763516537882,0.785403451562,0.559302748017,0.664649758972,0.614724638603,0.615796348354,0.550509333723,0.523548554,0.502616218724,0.548536914997
809.558183848405,0.883112531265,0.787641763568,0.871602063644,0.927797077708,0.878483661487,0.843923393112,0.749871692884,0.63843002748,0.767845390871,0.770850200912,0.641873622898,0.673779125556,0.612830927568,0.571754418773,0.543792384321,0.559764944665,0.522389568072,0.539572746094
814.0063057376819,0.913414605666,0.790475761708,0.838974676835,0.880282062371,0.860193410447,0.823005184116,0.81031403387,0.656336513425,0.732719815373,0.757765817142,0.654430973743,0.66069372018,0.622335771244,0.536707281597,0.536038776669,0.563657044777,0.545455969719,0.521177735658
818.4544276269588,0.931461536725,0.812502128892,0.849636788406,0.863568519737,0.861879011937,0.787845235401,0.814339048313,0.652957447909,0.707827052013,0.757532714422,0.638910377629,0.664577245069,0.612695666502,0.558908843537,0.545029130059,0.578498109857,0.55137587822,0.514517902268
822.9025495162358,0.945218737902,0.836537193624,0.884990116448,0.923764889951,0.863421012565,0.779617588115,0.762794248134,0.695405079226,0.689905091611,0.747326099525,0.666534737644,0.646981323803,0.602061048352,0.572547016606,0.544344750462,0.605783142214,0.536093313294,0.544005833579
827.3506714055128,0.993306512328,0.868283448265,0.821969592323,0.975107336013,0.855474591361,0.813581756904,0.727599514688,0.725613163777,0.694993842365,0.741308760798,0.693179890082,0.611683494036,0.603683706492,0.583925725875,0.55192508019,0.603626836676,0.522512545084,0.58121429419
831.7987932947897,1.0709797991,0.958856105813,0.747764627648,1.00303540904,0.85130702027,0.827687913731,0.743770013428,0.681459178433,0.684609140859,0.747751772111,0.692911545848,0.582043733673,0.584946044044,0.601216686587,0.595966448424,0.592625054341,0.547992109248,0.606264428168
836.2469151840667,1.15353257408,1.00121196813,0.754223826052,1.01341317652,0.8883418579,0.85728589781,0.776201418067,0.615926586462,0.678081940331,0.758029538443,0.671167654774,0.596473247135,0.564395215633,0.611080679029,0.618994060339,0.617288524178,0.573700551032,0.595723912508
840.6950370733437,1.20561686314,0.93760650932,0.810858878919,0.982401363113,0.876510619974,0.880057059622,0.757913886408,0.557771467404,0.692743668365,0.76573088278,0.640706211239,0.638665444795,0.581714638884,0.593440387248,0.60758437251,0.620881756386,0.557098526535,0.570610771843
845.1431589626205,1.1762186967,0.909183796908,0.882387329932,0.922049049302,0.843646004246,0.85311806767,0.716834406696,0.520936619382,0.685956882335,0.761570380452,0.618130024515,0.642922600961,0.613767988768,0.551627834881,0.611409668876,0.61762268477,0.529970005235,0.591215912564
849.5912808518975,1.08527476326,0.909328085728,0.899980503972,0.852215821145,0.870141058411,0.834043225751,0.691884069359,0.530739414755,0.672992350698,0.743838660792,0.598514699307,0.656389624287,0.618871872123,0.519400453102,0.629694245007,0.604121998665,0.524313037845,0.598522559382
854.0394027411744,1.02361348258,0.868343207859,0.930100074712,0.832970913129,0.930026563538,0.839692818732,0.705255054224,0.532599552706,0.643956301471,0.696832827069,0.593999733384,0.675965649968,0.592482148984,0.52782743316,0.59960864129,0.566872057701,0.535592429602,0.542699502447
858.4875246304514,0.98472785539,0.84970211034,1.0159876045,0.869399375632,0.974444348766,0.834540280163,0.739799830225,0.493319756625,0.624261657753,0.655513570616,0.60076287804,0.668131307611,0.552151282094,0.567448597868,0.535682249968,0.57576782476,0.533662723107,0.508395566967
862.9356465197284,0.916996941241,0.911696907899,1.02456940223,0.894461726872,0.984641102368,0.831032571256,0.738945578231,0.457862409107,0.664241422522,0.663673027443,0.596813073055,0.659446980892,0.542023739372,0.582564833445,0.501492717184,0.586265940679,0.535769288946,0.523762380481
867.3837684090053,0.909746949627,0.969304409685,0.970478045162,0.917076465201,0.974430168409,0.8298254399,0.697682752031,0.509948304574,0.724663984537,0.707026057155,0.60233585715,0.64464957416,0.572104078059,0.571281701694,0.529352396064,0.558594645723,0.544774941677,0.534878400732
871.8318902982822,1.00023312597,0.980872512196,0.893743517209,0.902092409617,0.936266351712,0.787478051499,0.653462124189,0.585819198528,0.746461433736,0.732613785424,0.647360413814,0.586637890316,0.618818599759,0.55379016023,0.558283336036,0.55559646539,0.536769880366,0.53527059475
876.2800121875592,1.0258619658,0.977895179178,0.836057972677,0.846174556352,0.921125900379,0.739141782724,0.633835732213,0.608356165838,0.699911525304,0.726352640415,0.701771623557,0.537726307993,0.652473697939,0.537104532176,0.562397932146,0.578598812406,0.522358228875,0.539081849341
880.7281340768361,0.903387732388,0.944034138623,0.809235981353,0.832757187141,0.898083178014,0.753061297622,0.656233695085,0.592286790422,0.629327057834,0.716443094092,0.722341880729,0.573065943375,0.635295640915,0.540626020931,0.576353952434,0.604159240301,0.485365610679,0.517002979536
885.1762559661131,0.771274143733,0.909224189195,0.860809094136,0.855214267455,0.851034994895,0.832841556487,0.656444236697,0.558583070862,0.620586705134,0.726142519528,0.709771325132,0.632670373539,0.615129854242,0.518186932186,0.599643482836,0.607443036544,0.467331518227,0.5064667563
889.6243778553901,0.763882396654,0.92757152268,0.921768707483,0.89494781604,0.813217683166,0.881718890386,0.637412969457,0.52507852077,0.669766907102,0.804903175143,0.680946561332,0.636928433043,0.604959766175,0.493702051639,0.58857406478,0.560346773511,0.508202511774,0.492049721373
894.072499744667,0.827203107795,0.928998065305,0.935550403188,0.889864391703,0.802342036369,0.859747549514,0.663509812871,0.513132270528,0.712875372601,0.864157447491,0.685877720823,0.60243031822,0.569359631054,0.503433224351,0.573973140091,0.540697263776,0.566783649876,0.455060031211
898.520621633944,0.85331543891,0.871368821947,0.932230689128,0.866470467616,0.834101097815,0.826594214922,0.69463129572,0.59566191556,0.695157405605,0.820207355733,0.689853344644,0.578221641746,0.554385245171,0.529949668191,0.62236662033,0.589511124995,0.589850312595,0.445529829008
902.968743523221,0.827030281139,0.823474208107,0.930053070665,0.859735767853,0.878040359437,0.82128423764,0.705677263111,0.683999322538,0.678754851841,0.760526494076,0.637879836911,0.587167194464,0.588828838192,0.556634988276,0.674935304783,0.622686545767,0.569333252873,0.481917335159
907.4168654124978,0.872808434759,0.85124110665,0.87258340769,0.837752091408,0.874540399964,0.816961560265,0.693759100469,0.666713503268,0.647931842435,0.711385243143,0.605113922092,0.587588024964,0.601518627585,0.528622830101,0.611365881386,0.612353258096,0.536254634,0.547430292176
911.8649873017748,0.93873056211,0.849750401933,0.823115937764,0.770657669064,0.839354230901,0.807664021164,0.694022434588,0.636697955003,0.604404067074,0.669177410037,0.636852733972,0.566994645688,0.587184369425,0.482674925137,0.509255614513,0.579329711683,0.486016307763,0.592890101148
916.3131091910518,0.915820523668,0.791070020877,0.820794223138,0.723970223547,0.815581476471,0.841662025966,0.726085399054,0.630507959446,0.599001007003,0.630594670301,0.67852801498,0.566010484255,0.5932616179,0.470432117648,0.504603157197,0.560433483669,0.455857743578,0.576084000535
920.7612310803287,0.873444031855,0.78919087826,0.82873066124,0.689381727534,0.803009265324,0.838032057193,0.713648628392,0.614574366744,0.609984917383,0.618309353876,0.652247855664,0.56282202,0.594716948716,0.48769909236,0.55100273277,0.555933943574,0.479711701844,0.567520937086
925.2093529696057,0.870935545936,0.843966470823,0.871274741751,0.708416837958,0.830231277036,0.792650896204,0.666987610091,0.633957106332,0.593832387506,0.667282597713,0.630451704567,0.576528785521,0.55832891836,0.530542973287,0.576098081849,0.557166083586,0.483166228737,0.574141431033
929.6574748588827,0.892435415462,0.880777803287,0.946676268105,0.81597459035,0.851513473606,0.783096766161,0.661642485863,0.669885189571,0.56601200517,0.745030342332,0.653654949727,0.600728572925,0.510259458342,0.566074084282,0.575415878964,0.568309388087,0.457547488449,0.536325422383
934.1055967481595,0.906666196471,0.882385771326,1.01024475675,0.884620708749,0.856298152789,0.786637157219,0.696092949871,0.660756563218,0.550359751326,0.758853346258,0.646321143559,0.606045145331,0.540424352924,0.539142971337,0.559621138808,0.566576575281,0.44805164161,0.476617414689
938.5537186374365,0.924755349534,0.874927395473,1.03093320182,0.839398613906,0.812439633335,0.750753220572,0.713288937903,0.581056512439,0.532926775523,0.733521303258,0.617177338044,0.600600742278,0.591165057305,0.479064381134,0.54011886659,0.519386140851,0.456729495741,0.452081324961
943.0018405267134,0.932830538674,0.879076025302,1.00295324122,0.801634839142,0.755073182377,0.72557920932,0.689051379969,0.532658620538,0.539446037339,0.737213028312,0.601162888042,0.593989397561,0.579473277889,0.487276830348,0.529068342358,0.486914918954,0.483807672037,0.463789867007
947.4499624159904,0.925245859213,0.890065087524,0.970338557364,0.860979429836,0.772193744893,0.775014448188,0.65134930174,0.535323472823,0.537071428571,0.763147690072,0.608364550093,0.614858803556,0.563331509286,0.538232685451,0.522461236747,0.500700835339,0.511299414871,0.502658791492
951.8980843052674,0.919098967623,0.872872173656,0.91228798595,0.908781847059,0.860918492324,0.849060541604,0.624131274131,0.530834258715,0.5283022138,0.737592247339,0.593968356573,0.618403029571,0.574695095949,0.529696395817,0.518945833677,0.511929022679,0.53049961818,0.529451502742
956.3462061945443,0.90766009374,0.866154068197,0.864063741296,0.887561912367,0.9415541991,0.813429922985,0.636524873212,0.545465861539,0.528041501187,0.665250303376,0.592361522231,0.623726247256,0.585488975267,0.511747808576,0.540620109225,0.501839143962,0.516955552105,0.529427931642
960.7943280838213,0.969862409353,0.837279307151,0.828054715371,0.908011747003,0.905083271895,0.70448920396,0.624048987411,0.570050318018,0.563220069641,0.615005418694,0.637891068742,0.617699548856,0.580541458062,0.553620706901,0.544216099694,0.47712735982,0.45889779841,0.524722137721
965.2424499730982,1.01235380418,0.778099485582,0.813671472446,0.976559445617,0.828231625918,0.672533229789,0.600512497993,0.56636423135,0.642509276438,0.597016140638,0.650400559762,0.565861932408,0.587613713451,0.60793962679,0.545155409562,0.461508318438,0.421288256623,0.522330589867
969.6905718623751,0.967501368363,0.739826718589,0.854239918392,1.02517376364,0.819341494459,0.718940762519,0.604006068558,0.53879082689,0.709729920519,0.568258571034,0.63060357399,0.536898664479,0.596907386384,0.649833050168,0.557273250087,0.482496770115,0.432341479479,0.524547034646
